question_code,question_content,synthesis_answer
q1,"Does the game contain any sensitive content (Sexual Content/Nudity, Violence/Gore, Drugs/Alcohol/Tobacco, Religious/Political)? (If not mentioned, answer “N/A”)","{None: 720, True: 9}"
q2,"List the sensitive content mentioned, if any.","• Female outfits widely criticized as overly revealing; some expect censorship at release. [46947048, 46925596, 46934639, 46836976]
• Request for an option to toggle revealing outfits. [46859104]
• Breast jiggle and very short skirts, ""skirts exposing buttocks"" reported. [46934639]
• Others say most female outfits are normal, though some feel overtly pandering. [46851689]
• Desire for more male fanservice; male characters are few and plain. [46851689]
• Early scenes include sexualized art like boob windows and high skin exposure. [46836976]
• Age rating questioned; some think content is more suitable for 18+. [46859104]
• Presence of homo content in gallery bothers some players. [42514957]
• Forced female protagonist prompts concern about yuri or boyfriend romance. [46828587]
• Narrative features deities, creation myths, and divine swords. [46834055]"
q3,Summarize the core combat mechanics (or “N/A” if not mentioned).,"- Turn-based, GBF-like combat; largely number checks with minimal strategy. [46828590, 46819524, 46958102, 46823148]
- Auto-battle unlocks early; exploration and fights can be fully automated. [46928089, 46834055, 46834000]
- Skill axis lets you script actions; but setup UI lacks descriptions. [46832432, 46843571]
- Auto AI wastes heals/buffs on turn one; poor timing logic. [46834000, 46837066, 46841939]
- Skill axis settings often reset or disappear; some skills can’t be added. [46958908, 46925128]
- Requests for separate ultimate toggle; teammates overstack ultimates. [46956348, 46828590]
- Ultimate chains exist but effects are unexplained. [46928089, 46834000]
- Buff/status terminology unclear; many icons without in-battle explanations. [46903937, 46832432, 46828079]
- Long skill cooldowns (7–8 turns); healing caps too low for AoE. [46846433, 46834000, 46928089]
- Elemental mono-teams rewarded; four attributes with synergy/affinity. [46928089, 46860366, 46832540]
- Party uses 4 active plus 2 reserves; pets and weapons add skills/stats. [46928089, 46832540, 46834055]
- Ten-slot weapon grid drives stats; slot rules and effects are confusing. [46832540, 46928613, 46841939]
- Boss HP is huge; battles often take several minutes or longer. [46834000, 46863198, 46841939, 46955938]
- No battle speedup or sweeps; only skip current turn. [46934951, 46834733, 46860752]
- Tower/climb auto-battles are slow; ~4 minutes per floor. [46863198, 46832432]
- Auto sometimes defaults to normal attacks in co-op. [46843571, 46841939]
- Frequent combat bugs: freezes, black screens, post-battle softlocks. [46834000, 46860752, 46903937]
- Controls hinder combat flow: fixed central joystick in vertical orientation. [46934951, 46842449]
- Balance concerns: fire outdamages earth; SR–SSR damage gap is huge. [46947048, 46825708]
- Suspected damage caps; multi-hit skills likely superior. [46832540]
- Enemies feel basic; boss attacks lack telegraph and damage feedback. [46903937]
- Co-op rewards hinge on contribution/MVP; non-drops feel punishing. [46860366, 46841939]"
q4,Rate combat satisfaction: -2 (very negative) to 2 (very positive) or “N/A”,"{'overall_score': -0.6428571428571429, 'detailed_scoring': {None: 659, -1.0: 45, 1.0: 12, -2.0: 7, 0.0: 5, 2.0: 1}}"
q5,Reason for previous question’s rating,"• Many find battles too slow; no speed-up or skip hurts satisfaction. [46934951, 46834733, 46860752, 46849692, 46821284]
• Long, grindy fights; high boss HP makes runs minutes long. [46955938, 46834000, 46863198, 46947048]
• No sweep; repeating material runs feels tedious and time-wasting. [46834000, 46832432, 46834733, 46860752, 46841939]
• Turn-based combat polarizes; some enjoy it, many dislike it. [46828079, 46889659, 46807914, 46700684, 46823148]
• Auto-battle AI often misuses skills; heals and buffs blown early. [46837066, 46841939, 46840461]
• Skill axis customization praised but buggy, resets, lacks descriptions. [46832432, 46925128, 46958908, 46843571, 46934951]
• Request separate ultimate toggle; teammates clump ultimates awkwardly. [46956348, 46828590]
• Combat bugs: freezes, black screens, stuck after fights degrade enjoyment. [46834000, 46860752, 46843571, 46842305]
• Effects mixed: flashy ult animations and big numbers vs. cheap-looking attacks. [46955237, 46928089, 46958102, 46819377, 46819129]
• Status and buff explanations unclear; mechanics hard to understand mid-battle. [46903937, 46832432, 46841939, 46828079]
• Auto unlocks early; idle-friendly combat appeals to some players. [46928089, 46834055]
• Healing caps and long cooldowns hurt survivability in harder fights. [46834000, 46863198]
• Some find combat shallow, “numbers collide” with limited strategy. [46958102, 46878755, 46823494, 46825773]
• Chain/ultimate link effects poorly explained, weak feedback. [46832540, 46834000]"
q6,"List the strategic/tactical features mentioned, if any.","• Turn-based combat with customizable skill order and auto execution. [46958908, 46832432, 43763811]
• Skill order editor lacks in-place descriptions; requires leaving to read skills. [46834000, 46841939, 46843571]
• Skill cooldowns are long (often 7–8 turns); plan buff windows. [46846433, 46832540]
• Skill order now displays cooldown values in the list. [46834000]
• Copy/paste skill orders between teams; mismatched slots disrupt sequences. [46834000]
• Monster/pet skills integrate into the skill order system. [46958908]
• Auto-battle AI prioritizes heals early; needs smarter logic. [46834000, 46841939]
• Request: toggle to control Ougi release independently. [46956348]
• Ougi chains and fusion attacks trigger when allies act together. [46834000, 46834492]
• Elemental system: same-element teams gain bonuses. [46928089, 46860366]
• Non-advantage hits suffer -50% damage; train four element teams. [46877074, 46875475]
• Team composition uses 4 frontline + 2 reserves. [46928089]
• Weapon grid with multiple slots; passives buff matching-element allies teamwide. [46832540, 46822805]
• Duplicate weapons needed for limit breaks; some upgrades have success chance. [46846433, 46832540]
• Same-name weapon passives likely don’t stack. [46832540]
• Summon/pet slots (4–5); attribute-matched passives and limit breaks. [46928089, 46832540]
• Damage cap exists; multi-hit characters gain advantage. [46832540]
• Yellow gauge under HP suggests a break/control mechanic. [46832540]
• Skip current turn exists; no full battle skip or sweep. [46828079, 46832432]
• Co-op raids with MVP, contribution, and host reward tiers. [46860366]
• Raid rooms capped at six players; limited daily host attempts. [46877074]
• Attribute-specific towers provide idle resource income. [46832540, 46834492]
• Main character has multiple jobs; job affects main weapon types. [46817957]
• Characters have skill trees; shards grant permanent attribute bonuses. [46819470, 46819346]
• One-click team setup by power or attribute; recommended builder available. [46928089, 46841939]
• Status effects like Frozen stack; effect descriptions lack clarity. [46834000]
• Shields use fixed values; some heals are percent with caps. [46834000]
• Boss HP is very high; long fights reward planned rotations. [46834000, 46841939]
• Auto-battle settings granularity supports varied conditions. [43670677]
• Buff stacking enables massive single-skill bursts; time rotations accordingly. [46846433]
• Healers are scarce with long CDs; sustaining requires shields and planning. [46863198, 46834000]"
q7,Rate strategic/tactical depth: -2 to 2 or “N/A”,"{'overall_score': 0.0, 'detailed_scoring': {None: 683, 1.0: 20, -1.0: 18, 0.0: 5, -2.0: 2, 2.0: 1}}"
q8,Reason for previous question’s rating,"- Strategic agency is low; battles often feel number-driven and automated. [46928089, 46819524, 46878755]
- Mono-element damage reduction (−50%) forces building four single-attribute teams. [46877074, 46875475]
- Single-element team-building perceived as straightforward, limiting tactical complexity. [46872868, 46828639]
- Skill axis enables custom turn orders, offering potential tactical control. [46832432, 43670677, 43763811]
- Auto AI undermines strategy; healers often waste skills on turn one. [46834000, 46841939]
- Skill-axis tools are buggy; skills disappear or paste scrambles orders. [46958908, 46834000]
- Auto-setup lacks skill descriptions; players must exit to check effects. [46841939, 46843571]
- Mechanic explanations are unclear, hindering planning (buffs, debuffs, chain ougi). [46828079, 46834000, 46832540]
- Co-op synergies exist (ougi chains, same-element buffs) but guidance is minimal. [46860366, 46834000]
- Players request ultimate toggles to coordinate ougi chains. [46956348]
- Build depth via GBF-like weapon grids, summons, and attribute synergies. [46832540, 46860366, 42512938]
- Systems lean pure-stat, funneling to best-in-slot metas. [46854207, 46823964, 46834492]
- Healing balance limits strategies; long cooldowns and low ceilings. [46834000, 46863198]
- Damage caps push multi-hit meta over tactical choices. [46832540]
- Element balance concerns impact viable teams (fire/water outperform earth). [46947048]
- Newcomers overwhelmed by multi-system builds; clearer grid guidance needed. [46823306, 43761110]
- Some appreciate strategic flavor from class and team composition. [46828880, 46819283]
- Auto-centric design reduces incentive to explore builds and rotations. [46828079]
- Co-op emphasizes optimized builds; lacking summons severely handicaps performance. [46860366, 46875475]
- Burst combos exist, but rotations are long-CD buff cycles plus autos. [46846433]"
q9,Rate game progression: -2 to 2 or “N/A”,"{'overall_score': -1.0612244897959184, 'detailed_scoring': {None: 680, -1.0: 34, -2.0: 11, 1.0: 4}}"
q10,Reason for previous question’s rating,"• Progression revolves around repetitive dungeon farming; boredom sets in quickly. [46955237,46947048,46829245,46867994,46824335]
• No sweep/skip and no battle speed make daily grinding overly time-consuming. [46947048,46934951,46840461,46825580,46824638,46820171]
• Boss HP is high; single runs and tower floors take minutes. [46834000,46863198,46841939,46823876]
• Drop rates for weapons, monsters, and materials are frustratingly low. [43495890,46830120,46912176,46876326]
• Stamina/AP costs and limits restrict progress; recent increases intensify grind. [46876326,46875475,44917070,46841939]
• 50% resistance forces training 4–6 elemental teams, inflating grind and cost. [46875475,46824629,46841939,46863198]
• Main character job breakthroughs aren’t shared; respec/refunds absent. [46934951,46817957,46834000,46821284]
• Bugs and locks block progression (quests/dungeons won’t open). [46937790,46904513,46862161,46842305]
• Auto-battle AI wastes skills; skill-order tools lack clarity. [46841939,46834000,46840461]
• Difficulty spikes later; progress demands heavy grind or payment. [46928089,43495890,46841939]
• Event windows are short; required rare items gate rewards. [46834000,46877074]
• Key upgrade materials (proofs, black hearts) drop too rarely. [46834000,46825957,46877074]
• Team-building depends on gacha; off-rate/dup needs hinder progression. [46934951,46842305,46896729,46875475]
• Guidance is weak; unlocks slow; systems confuse early progression. [46928089,46834000,46825708]
• Daily multiplayer reliance hurts progress when rooms are empty; no AI assist. [43495890,46860111,46821284]
• Quote: ""Feels like work."" [46947048]
• Early progression can be smooth with generous test rewards (≈200 pulls, free SSRs). [46819470,46819346,43670677]
• One-click team setup helps, but multi-layered upgrades deepen grind. [46928089]
• Content and hosting are time-gated (limited hosts per boss, day locks). [46824335,46877074]"
q11,Rate hero balance: -2 to 2 or “N/A”,"{'overall_score': -1.6, 'detailed_scoring': {None: 724, -2.0: 3, -1.0: 2}}"
q12,Reason for previous question’s rating,"• Elemental balance skewed by bugs; water crit/multi-hit broken, wind stronger due to fewer issues. [46898892]
• Perceived power creep: new characters much stronger than existing ones. ""crush old ones"". [46878782]
• Class imbalance noted; top-rarity healers are scarce and underpowered. [46863198]
• Rarity power gap excessive: SR vs SSR damage differs by multiples at equal level. [46825708]
• Specific unit overtuned: Earth ""noble"" has constant 500% defense. [43670677]
• Content demands separate elemental teams, amplifying balance frustrations and roster dependency. [46863198, 46825708]"
q13,Rate hero/team build diversity: -2 to 2 or “N/A”,"{'overall_score': -1.0, 'detailed_scoring': {None: 717, -1.0: 6, -2.0: 4, 1.0: 2}}"
q14,Reason for previous question’s rating,"- Meta is singular; other teams perform poorly, discouraging alternatives. [46895932]
- Attribute-lock forces mono-element teams; flexibility is low. [46825423, 46831894, 46860498]
- Gacha results dictate team compositions; player choice feels limited. [46886382, 46825423, 45444345]
- No random affixes; optimal setups dominate, reducing experimentation. [46854207]
- Per-element healer scarcity and weak healing restrict viable builds. [46863198]
- Team attribute requirements are high, limiting viable choices. [45444345]
- Players want mixed-attribute synergies to broaden team diversity. [46825708]
- Boss resistance to off-elements enforces specific team counters. [46877782]
- Required to build four mono-element teams, increasing grind. [46825423, 46860498]
- Simple approach: stack same-element characters, weapons, and pets. [46825423]
- Large SR-SSR power gap reduces mixed-rarity team options. [46825708]
- ""114 weapons, 514 builds"" used sarcastically about claimed variety. [44759581, 42518014]"
q15,Describe the secondary core loop (or “N/A”),"- Explore open 2.5D maps via auto-path; find chests, items, light puzzles, limited interactions. [46955237, 46928089]
- Gather overworld mining materials to upgrade weapons; no dedicated weapon-material dungeons. [46832540]
- Collect junk during exploration; alchemy converts to stamina, proofs, and class unlock components. [46834000, 46820456]
- Alchemy grind is heavy; key drop rates low; guidance for recipes and sources is poor. [46834000, 46823964]
- Fish daily with limited bait; unclear rewards; mainly monster materials or small gacha currency. [46895365, 46890101]
- Climb attribute towers for idle hourly income; functions as AFK progression. [46832540, 46832432]
- Run single-player XP and breakthrough trials; no sweep; repeated clears demanded. [46819346, 46832432]
- Players request trial sweep after multiple clears to reduce time sink. [46825160]
- Daily and weekly tasks reward currency; claiming and navigation feel inconvenient. [46819346, 43763811]
- Short-timed events; expected to supply high-tier upgrade materials like black steel. [46834000, 46890101]
- Guild battles recur as a social side activity beyond raids. [46848453]
- Configure skill order and CDs, then rely on auto-battle for farming. [46832432, 46834000]
- “刷子游戏，挂机模式.” [46817957]"
q16,"Does the secondary loop match tycoon/crafting (e.g. Township, Hay Day)? (True/False/“N/A”)","{None: 713, False: 15, True: 1}"
q17,Rate simplicity of the secondary loop: -2 to 2 or “N/A”,"{'overall_score': 0.16666666666666666, 'detailed_scoring': {None: 717, 1.0: 6, -1.0: 4, 0.0: 2}}"
q18,Reason for previous question’s rating,"- Early auto battle enables hands-free play; exploration supports auto-pathing. [46928089]
- Lack of sweep/skip makes routine farming tedious and slow. ""No sweep; too time-consuming."" [46834000, 46832432, 42512938]
- Boss fights and towers consume lengthy time even when idling. [46834000, 46832432]
- Skill-axis customization is powerful but time-consuming to configure. [46832432, 43763811]
- One-click team and equip setup simplifies routine management. [46928089]
- Auto AI usage feels suboptimal without meticulous setup. [46834000, 43763811]
- System depth (roles, weapons, pets, attributes) feels complex and grind-heavy. [46832540, 46928089]
- Poor guidance on mechanics, statuses, and slots confuses players. [46834000]
- Navigation QoL lacking; mini-map enlargement and smarter teleport requested. [46834000]
- Daily tasks simplified, but rewards feel stingy. [46895365]
- Co-op raids lack kick/limits; AFK freeloaders frustrate rooms. [46895365]
- Alchemy and proof drops feel opaque, low, and grindy. [46823964, 46834000]
- Early progression accessible; material dungeons moderate and soloable. [46819346]
- Exploration loop shallow; few interactions cause quick boredom. [46955237]
- Routine UI lacks convenience: auto-claim, quick joins, filters. [43763811, 42512938]
- Confusing class/attribute conversions and team auto-switching frustrate. [46817957]
- Time demands and grind deter continued play. [46832540, 46823964]"
q19,Rate resources earned from the secondary loop: -2 to 2 or “N/A”,"{'overall_score': 0.0, 'detailed_scoring': {None: 719, 1.0: 4, -1.0: 4, -2.0: 1, 2.0: 1}}"
q20,Reason for previous question’s rating,"- Early loops grant abundant gacha currency; 100–200+ pulls achievable quickly. [46820456, 46819346, 42512938]
- Stamina is easy to gain via exploration/alchemy; many report overflow without sweep. [46820456, 46834000, 42512938]
- Green stamina stacks up; daily gifts exacerbate overflow. [46834000]
- Red stamina potions can be crafted via alchemy from junk. [46834000]
- “Raid Proof” tickets are scarce; drop rates feel too low. [46834000]
- Weapon upgrade materials lack dedicated farming; players are frequently short. [46834000]
- Weapon/magic drops are plentiful, but breakthrough gold mats are painfully rare. [46890101]
- Hidden/rare weapons seldom drop; common weapon overflow lacks recycling options. [46890101]
- Alchemy provides alternative resources but feels grindy and poorly explained. [46834000, 46823964]
- Fishing yields low-value materials; bait is limited and underwhelming. [46895365, 46890101]
- Daily task rewards were simplified and feel “significantly reduced.” [46895365]
- Co-op rewards feel unfair; AFK players earn nearly the same as contributors. [46895365]
- Players request contribution-based rewards and better host benefits in co-op. [46825160, 46834000]
- Co-op loot reliability was buggy (low/no drops), later adjusted to guaranteed drops. [42512938]
- Coin income initially insufficient for upgrades; later sources improved earnings. [42512938]
- Compensation during server issues gave extra resources, easing early team setup. [46928089]
- Point shop needs better items; higher contribution should yield more points. [46825160]
- Tower, dailies, weeklies, and sign-ins provide substantial pull resources. [46820456, 42512938]"
q21,Rate frequency of content/meta updates: -2 to 2 or “N/A”,"{'overall_score': 0.6923076923076923, 'detailed_scoring': {None: 716, 1.0: 8, -1.0: 3, 2.0: 2}}"
q22,Reason for previous question’s rating,"- Many praise quick bugfix cadence; devs active and communicative. [46934689, 46830074, 46819283, 43761110]
- Hotfixes sometimes pushed even on weekends during tests. [42512938]
- Others report slow responses; critical bugs persist 10+ hours or overnight. [46825957, 46909211]
- Frequent regressions suggest chaotic patch cycle — ""Fix today, break tomorrow."" [46912141]
- Content updates occur (new events/dungeons), but story additions feel sparse. [43763811, 46841939, 46824943]
- Limited improvement between test phases despite months passing. [42512938]
- Balance and drop-rate changes seem reactive to events, not proactive. [46825957]
- Some note timely server fixes with generous compensation. [46841939]
- Steady improvements observed, but studio efficiency considered low. [46819336]"
q23,Does the game have a gacha guarantee system? (True/False/“N/A”),"{None: 699, True: 26, False: 4}"
q24,"Briefly describe the gacha guarantee system if answer to previous question is True, else answer “N/A”","- ""30 pulls pity"" guarantees an SSR, widely noted in tests. [46928089, 46834000, 46841939]
- Hard pity at 200 pulls allows selecting one UP unit. [46860366, 46834492]
- 30-pull pity yields a random SSR; not guaranteed UP. [46860366, 46825423]
- Mixed pools (characters, weapons, monsters) increase off-banner results. [46860366, 46832432]
- Multiple UPs per banner reduce individual UP odds. [46834492, 46821284]
- Pity progress resets when banners change; no carryover. [46830120]
- Some banners: two limited UP, one permanent, one friend pool. [46928089]
- Monsters reportedly have no pity; very low drop rates. [46860366, 46837066]
- Players reported 400–500 pulls without any UP despite pity. [46915562, 46934579]
- Many advise saving for the 200-pull “well” to secure targets. [46834492, 46860366]"
q25,Rate reasonableness of gacha pull price: -2 to 2 or “N/A”,"{'overall_score': -0.25, 'detailed_scoring': {None: 721, 1.0: 4, -1.0: 2, -2.0: 2}}"
q26,Reason for previous question’s rating,"• 30-pull SSR pity reported; views differ on fairness. [46841939, 46846781, 46820456, 42512938]
• Pull price praised as low, about 10 RMB per draw. [46841939]
• Others find ten-pull cost high and not reasonable. [46819129]
• Reported costs vary: 100–150 currency per pull; 1000–1500 per ten-pull. [46846781, 42512938, 46820456]
• 6 RMB ≈108 diamonds (~1 pull); perceived as pricey. [46906079]
• Multi-up banners hinder targeting; players expect to hit pity often. [46830519]
• Specific UP spark cited at 20000; seen as heavy. [46830519]
• Pity system called harsh; duplicates reported frequently. [46923269]
• Test welfare generous; 100+ pulls day one reduced pressure. [46820456]
• Compensation granted ~110 pulls in test; launch generosity uncertain. [46846781]
• Building 4–6 element teams increases demand; gacha feels average. [46841939]
• Some twice reached pity for beasts; worry about spend and grind. [46906079]
• Characters are complete without dupes, easing spending pressure. [46820456, 42512938]"
q27,Rate major feature access for non-paying users: -2 to 2 or “N/A”,"{'overall_score': 0.1875, 'detailed_scoring': {None: 713, 1.0: 10, -2.0: 4, -1.0: 1, 2.0: 1}}"
q28,Reason for previous question’s rating,"• Many say core content is playable without paying; grind substitutes for spending. [46955557, 46942153, 46860366, 46824943]
• Test welfare generous: quick 200 pulls and free SSRs help F2P progression. [46819470, 46819346]
• Zero-spenders report acceptable early game; basic dungeons can be soloed. [46878130, 46819346]
• High-end raids feel paywalled; ""No pay, don't solo dungeons."" [43495890]
• Building four-element teams greatly raises resource demands, challenging F2P. [46860366, 46841939, 46831284]
• Mixed gacha pools and limited pity hinder targeted F2P roster building. [46860366, 46877782, 46896729]
• Co-op rewards favor MVP or host; newcomers often get little or nothing. [46860366, 46877782, 42512938]
• Non-gacha weapons and monsters can be maxed by grinding; paid outperform. [46854207]
• Some see light monetization; others say only heavy spending keeps pace. [46942153, 46912967]
• Low population and weak assistance systems block F2P in harder co-op. [46912967]
• Lower pull price and 30-pull SSR pity slightly aid F2P. [46841939, 42512938]
• Generous welfare but no auto/sweep increases F2P time burden. [46860366, 46841939]"
q29,"Rate spending pressure: -2 (heavy/annoying) to 2 (elegant/subtle), or “N/A”","{'overall_score': -0.851063829787234, 'detailed_scoring': {None: 682, -1.0: 22, -2.0: 14, 1.0: 10, 0.0: 1}}"
q30,Reason for previous question’s rating,"- Strong aversion to gacha; many wish it were buy-to-play instead. [44673914, 43649608, 42568919]
- “Ten-pull” pre-registration rewards signal gacha; some lose interest instantly. [42548239, 42536815, 42526144]
- Monetization depth seen as heavy; many gift packs and recharge prompts. [46928089, 46891707, 46818874]
- About 10 RMB per pull; perceived as pricey over time. [46841939]
- Pity noted: SSR every 30 pulls; UP exchange at 200 pulls. [46860366, 46841939, 46825423]
- Some banners reportedly lack pity; pets have no pity. [46896729, 46860366]
- Extremely low pet rates cited (e.g., 0.01%). [46875475]
- Mixed pools (characters/weapons/monsters) dilute targeting; UP odds feel weak. [46860366, 46886382, 46825423]
- Progress reportedly reset across banners, angering spenders. [46830120]
- Forced multi-element teams multiply costs; “raise four teams” pressure. [46830519, 46841939, 46825423]
- Building multiple teams called prohibitively expensive for completionists. [46831284, 46828079]
- Co-op rewards favor high-investment players; non-spenders struggle to solo. [43495890, 46877782]
- Whales gain big via UP weapons/pets and MVP reward gaps. [46860366, 46877782]
- Some testers felt F2P viable; spending accelerates progression. [46860366, 46819346, 46878130]
- Light spenders reported completing elemental teams during tests. [46839800, 46852852]
- Concern welfare will shrink at launch, increasing spend pressure. [46842305]"
q31,Rate quality/quantity of free rewards: -2 to 2 or “N/A”,"{'overall_score': 1.2894736842105263, 'detailed_scoring': {None: 691, 1.0: 18, 2.0: 17, -1.0: 3}}"
q32,Reason for previous question’s rating,"- Test phase widely praised for generous freebies: ~200 initial pulls and large diamond grants. [46948892, 46834000, 46879530, 46909260]
- Some received 10,000 diamonds via mail; others noted many ticket gifts. [46825423, 46874488]
- Several reported 400–500 free pulls during testing, mostly from mailbox distributions. [46915562, 46903937]
- Compensation after outages/bugs was substantial for some, e.g., ~110 pulls. [46826556, 46928089, 46841939]
- Others criticized compensation as stingy, delayed, or limited to standard-ticket giveaways. [46825957, 46834492]
- Ongoing income estimates: roughly 80+ pulls per month from tower and actives. [46834492, 42512938]
- Story progression grants three free fire SSRs, easing early team building. [46819470, 46819346, 43670677]
- Despite quantity, mixed pools and off-rate make UP acquisition feel poor. [46915562, 46825423, 46895365, 46847370]
- Players worry generosity is only for tests; launch rewards may shrink. [46948892, 46834883, 46842305, 46903937]
- A minority felt free resources were insufficient, reducing motivation to continue. [46821148]
- Requests: 200-pull selector, lock-in targets, and generally bolder giveaway strategy. [46903937, 46820456, 46895365]
- One claim of rating incentives: 10k diamonds for scores above eight. [46843528]"
q33,Does the game integrate IP? (True/False if says none/“N/A” if not mentioned). Briefly describe.,{None: 729}
q34,"Briefly describe the IP if answer to previous question is True, else answer “N/A”",• No reviews matched.
q35,Rate IP integration depth: -2 to 2 or “N/A”,"{'overall_score': None, 'detailed_scoring': {None: 729}}"
q36,Reason for previous question’s rating,• No reviews matched.
q37,Rate lightness of installation file: -2 to 2 or “N/A”,"{'overall_score': -1.0, 'detailed_scoring': {None: 728, -1.0: 1}}"
q38,Reason for previous question’s rating,"• Install size seen as large (""a full 2GB"") for limited content. [46819244]
• 2.5D backgrounds blamed for bloated size. [46819244]"
q39,Rate in-game download experience: -2 to 2 or “N/A”,"{'overall_score': -2.0, 'detailed_scoring': {None: 728, -2.0: 1}}"
q40,Reason for previous question’s rating,"- Post-update, player couldn't log in and update failed repeatedly [46892372]
- Update process triggers network drop; ""disconnects when update starts"" [46892372]
- User uninstalled due to failed updates and access issues [46892372]"
q41,Briefly list other issues (not captured by the questions above),"• Frequent black screens, crashes, and freezes, sometimes immediately on launch. [46944148, 46904258, 46858443]
• Severe performance issues: lag, frame drops, overheating, high battery drain. [46899786, 46882284, 46829636]
• Network instability: disconnects, login failures, repeated relogin prompts. [46830120, 46828300, 46851167]
• Wi‑Fi login failures; mobile data required for access. [46832792, 46828590, 46852920]
• Server outages and rollbacks causing lost progress or rewards. [46924821, 46876326, 46830120]
• Purchases or gacha items missing after payment; “swallowed” banners/UI. [46928613, 46818522, 46851291]
• Co‑op lobbies lack kick/limits; leechers stall starts and share rewards equally. [46895365, 46823238]
• Co‑op ready system allows cancel spamming; no passworded rooms. [46895365, 46825352]
• Rewards sometimes not granted in co‑op; MVP/host chests “eaten”. [46875475, 46831059]
• Co‑op room caps and entry failures hinder matching. [46895365, 46877074]
• No battle reconnection; disconnects forfeit runs. [46825708, 46895365]
• Auto battle/skill queue bugs: skills not added, reset or not triggering. [46958908, 46925128, 46912141]
• “Auto exploration” progress stuck and not advancing offline. [46909211]
• Quest blockers: bonfire talk loop, early mission lock, “天启骑士” softlock. [46904513, 46903930, 46869952]
• Resume from background causes black screen; must restart app. [46849849, 46923015]
• UI/UX: fixed center joystick, no customization; hard to control single‑handed. [46934951, 46829636, 44473088]
• No horizontal mode despite promotion; orientation toggle missing. [46958102, 46912163, 46819708]
• Minimap poor: opens world map; no zoom for local areas. [46874622, 46834733]
• Auto pathing ignores nearest teleports; unnecessary long runs. [46834000]
• Interaction hitboxes finicky; chests/doors mis-detected. [46846781, 46842449]
• Red‑dot notifications persist; backpack “New” clears are tedious. [46825160, 46835912]
• Missing or unclear buff/effect descriptions; frequent text garbling. [46899786, 46877782, 46834000]
• “Asdasd” placeholders and random letters in skill details. [46958908, 46834000]
• Inconsistent terminology: “队伍” excludes backline; confuses players. [46877782]
• Missing monster/codex; hard to find material sources. [46899786]
• Limited tutorial/guidance for crafting, jobs, and drop sources. [46834000, 46831059]
• Inventory management lacks locks; fear of accidental mass disassembly. [46825160]
• Can’t decompose or repurpose duplicate weapons; no material refund. [46887887, 46912967]
• Weapon system confusing: many slots; unclear who equips what. [46928613, 46834000]
• Visual clarity issues: excessive VFX “light pollution,” dim scenes, screen flicker. [46899786, 46818381, 46843562]
• Art concerns: alleged AI/borrowed assets; inconsistent style quality. [46850948, 46809135, 46958102]
• Missing or weak combat animations; no ultimate/summon cut‑ins. [46818381, 46819283]
• Audio feedback and BGM lack variety; SFX feel flat. [46874488, 46819129]
• Story writing criticized: juvenile, internet slang breaks immersion. [46851775, 46957862, 46819510]
• No voiceover; text/fonts cramped or hard to read. [46823494, 46834000]
• Event or shop bugs: timers reset, shops unrefreshed, currencies useless. [46895365, 46830120]
• Excess currencies cause confusion. [46958102]
• Small map content and side quests feel sparse; exploration unrewarding. [46899786, 46874622]
• Stamina/AP/BP changes mid‑test without notice; costs spiked. [46876326, 46877074]
• Customer support hard to find or unresponsive; report buttons ineffective. [46906084, 46818352]
• World chat and on‑screen players reduce immersion; option to hide requested. [46842449, 46184981]
• Some devices cannot launch; “黑屏有声音” cases reported. [46923015, 46827338]
• Localization/typos: homepage slogan misspells; in‑game ads feel intrusive. [46875375, 46818874]
• Fishing feature unclear utility; no rewards beyond minor mats. [46895365]
• No male protagonist option; gender lock harms immersion. [46851775, 45064073, 46818564]
• “Quote: bug上长了个游戏” sentiment reflects frustration. [46909211]"
