game_link,commentary
https://www.taptap.cn/app/223324?os=android,"- Overall conclusion
A stylish relic-themed tactical gacha with promising art and an active dev team, but it stumbles on core feel: slow, number-heavy battles with weak readability and automation, grindy progression gated by tight stamina, and a harsh, non-carryover pity. Heavy client size and rocky operations further drag reception. With QoL, clarity, and economy fixes, it could find a steadier audience.

- Breakdown:
   + Sensitive Content (q1 - q2)
     - Mostly clean; some complaints about sexualized, childlike-looking female designs and minor blood in story.
   + Gameplay (q3 - q20)
     - Turn-based grid tactics driven by speed bar; fixed action order, short movement, small maps, and unit clogging make positioning feel cramped.
     - Missing genre staples (no counters/flanking/height/class advantage); skills feel homogenized; limited team synergies; tanks lack taunt, snipers punished by aim stance.
     - Long, spongy boss fights; hidden objectives force manual replays; only 2x speed; no undo; poor targeting and range clarity; “dumb” auto and weak background delegation.
     - Environmental telegraphs and buff/status info are unclear; AI targeting logic opaque; multi-wave stages add fatigue.
     - Weekly equalized mode and challenge chains are interesting but can undermine progression satisfaction.
     - Overall satisfaction and depth trend negative; a minority of war-chess fans still enjoy thoughtful boss encounters.
   + LiveOps & Retention Systems (q21 - q22)
     - Visible, quick iteration across tests and timely event rollouts; some slow responses to early technical issues.
   + Monetization & Game Economy (q23 - q30)
     - Gacha: ~2.5% SSR; soft pity around 70; UP ~50% on SSR hit; no “next-hit UP” guarantee; hard spark at 160–180 with pity reset and no cross-banner carryover; newbie 40-pull SSR.
     - Pull price perceived high (~15–18 RMB); simultaneous limited banners and strong dupe/constellation scaling raise pressure.
     - Tight stamina and low mat drops; random-substat weapon grind adds cost and time sinks; monthly card criticized; no separate weapon banner is a minor relief.
     - F2P monthly pulls ~20–26; some events/shops generous, but day-to-day income feels low and grindy.
   + Anti-P2W Mechanism (q31 - q32)
     - Early welfare is decent (onboarding pulls, free skins/tickets) and core features are accessible; one weekly mode equalizes levels.
     - Counterpoints: high dupe power, RNG gear, and stamina refills give spenders notable advantages; welfare judged mixed overall.
   + IP Integration (q33 - q36)
     - Strong concept: anthropomorphized Chinese cultural relics with National Treasure ties; enemy aesthetics fit.
     - Execution uneven: modern world-saving plot weakly linked to relic histories; some designs feel “motifs pasted on”; obscure names hurt readability; archives and in-game IP delivery need depth.
   + System Requirement (q37 - q40)
     - Very heavy client and resource downloads (often 4–10 GB total), slow speeds, repeated large re-downloads, and storage strain; frequent download stalls/black screens.
   + Other Issues (q41)
     - Test access confusion, poor comms, server instability, crashes/softlocks; UI clutter, small buttons, excessive notifications.
     - Controls and readability issues (hidden objectives, unclear ranges/hazards), performance drain, audio bugs, cheap-feeling chibis/ult animations, art/style inconsistency.
     - Gacha transparency complaints, weak onboarding/tutorial, customer support responsiveness concerns, and general QoL gaps (no undo, limited speed/skip, auto missing in some story)."
